Area,Bedrooms,Bathrooms,Parking,Age,Location,Price
1120,2,1,0,12,Riverside,20780000
1740,3,2,1,6,Riverside,22930000
1110,2,3,0,7,Riverside,19780000
620,1,1,0,24,Tech Park,10190000
1310,1,2,0,19,Outskirts,8770000
1600,2,1,1,11,Uptown,27600000
730,1,2,0,20,Suburb,7480000
1820,3,3,1,32,Uptown,28530000
880,1,2,0,13,Uptown,16290000
2210,5,4,1,15,Riverside,39740000
1140,2,3,0,19,Outskirts,9690000
580,1,2,0,28,Uptown,7980000
2130,4,3,1,19,City Center,46740000
1360,3,3,1,4,Uptown,24780000
760,2,3,0,11,City Center,16610000
620,2,2,0,12,Suburb,6450000
550,1,2,0,41,Uptown,7410000
780,2,2,0,22,Suburb,9160000
1210,4,3,0,0,Outskirts,12710000
1010,1,1,0,18,Riverside,16380000
720,2,2,0,21,City Center,15960000
650,1,2,0,7,Suburb,8730000
1160,4,3,0,25,Green Valley,16320000
1400,1,1,0,21,Tech Park,18770000
700,1,1,0,0,Suburb,8180000
1250,1,3,0,23,Suburb,10960000
1710,2,1,1,16,City Center,39560000
920,2,2,0,2,Uptown,17580000
1070,1,2,0,16,Uptown,21610000
1960,4,3,1,31,Suburb,20540000
1200,2,2,0,23,City Center,21610000
1340,2,3,0,5,Riverside,24000000
620,1,1,0,0,City Center,16540000
1130,2,2,0,19,Tech Park,16570000
1880,4,4,1,11,Outskirts,14180000
1230,2,2,0,13,Riverside,20750000
840,2,1,0,0,Riverside,15640000
740,1,1,0,8,Green Valley,11180000
1110,1,2,0,30,City Center,21170000
1490,2,1,1,15,Suburb,14550000
1300,2,2,0,21,Green Valley,18830000
1440,3,3,0,33,Green Valley,18260000
880,1,1,0,27,Suburb,9040000
1240,2,2,0,8,Tech Park,21200000
1650,4,3,1,29,Outskirts,13200000
970,1,1,0,20,Riverside,15560000
830,1,1,0,8,Green Valley,13570000
580,1,1,0,12,Green Valley,7580000
1300,2,2,0,12,Green Valley,18060000
680,1,1,0,18,Green Valley,9140000
2480,5,4,1,0,Tech Park,50840000
550,1,1,0,11,Riverside,8630000
1490,2,2,1,4,Green Valley,22780000
1330,2,2,0,22,Green Valley,17490000
1490,2,2,1,14,City Center,36640000
1200,3,3,0,1,Tech Park,22080000
920,2,1,0,10,Uptown,18210000
1070,2,2,0,25,City Center,23030000
780,2,2,0,2,Tech Park,14090000
1450,3,3,0,5,Outskirts,13440000
1370,3,2,0,13,Outskirts,11300000
620,1,1,0,4,Uptown,11520000
1270,1,1,0,14,Riverside,19170000
720,3,2,0,25,City Center,14300000
750,1,2,1,26,Suburb,7630000
1830,3,3,1,4,Suburb,22250000
1510,4,3,1,17,Tech Park,23740000
1540,1,1,1,21,City Center,30640000
1530,3,2,1,0,Green Valley,25590000
1400,2,2,0,17,Tech Park,20240000
1470,2,2,1,8,City Center,37940000
550,1,1,1,16,Outskirts,4800000
1270,2,3,0,9,Green Valley,21190000
1230,2,2,1,20,Tech Park,19810000
1070,2,2,0,29,City Center,23140000
790,2,2,0,19,Outskirts,6340000
1120,2,1,0,2,Riverside,19960000
1330,2,1,0,16,Green Valley,16570000
1690,4,3,0,0,City Center,43300000
1090,3,3,0,14,Suburb,12700000
1260,2,1,0,32,Suburb,9970000
1000,2,2,0,16,City Center,23400000
1600,1,2,1,22,Green Valley,21250000
1010,2,3,0,0,Suburb,11690000
1250,3,3,0,6,Tech Park,20250000
1360,2,2,0,17,City Center,31390000
820,1,1,0,25,City Center,16960000
1170,2,2,0,0,Uptown,23030000
1250,3,3,0,7,Suburb,15760000
1230,4,3,0,0,Tech Park,23630000
1160,4,4,1,29,City Center,28130000
590,1,2,0,17,Outskirts,4190000
1760,3,3,1,5,City Center,46540000
1240,2,2,0,39,Outskirts,7990000
1800,3,3,2,36,Riverside,27530000
1100,1,1,1,9,City Center,28900000
1640,3,3,2,9,Outskirts,14330000
630,1,1,0,23,Green Valley,7730000
1060,2,2,0,7,Uptown,18700000
1210,1,1,0,25,Riverside,19530000
1290,2,2,0,2,City Center,30660000
1560,2,2,1,0,Uptown,29390000
1770,2,3,1,40,Outskirts,13020000
1160,3,2,0,26,Suburb,11030000
1010,1,2,0,33,Green Valley,10800000
550,2,2,0,12,Uptown,10080000
1260,2,2,0,30,Uptown,20060000
1410,2,2,0,21,Tech Park,22220000
850,1,1,0,3,City Center,20190000
1370,3,3,1,6,Tech Park,25200000
1680,2,2,1,21,Green Valley,20120000
870,1,2,0,14,Tech Park,15860000
1100,1,1,0,14,Uptown,19210000
1740,2,3,1,7,City Center,45450000
1150,1,1,0,0,Uptown,20920000
750,1,2,0,7,Tech Park,13230000
550,1,1,0,27,Tech Park,8170000
1260,3,3,0,39,Suburb,10410000
1430,2,2,0,8,Green Valley,19150000
650,1,2,0,27,Outskirts,4860000
1800,3,3,1,28,Suburb,17570000
1280,1,2,0,34,Uptown,15300000
1390,2,3,0,22,Outskirts,9780000
1650,2,3,0,6,Riverside,29980000
1970,3,3,1,13,Tech Park,30310000
1700,3,2,1,23,Outskirts,12720000
1090,2,2,0,12,Riverside,20660000
1600,3,2,2,17,Outskirts,12680000
1620,2,2,0,37,Outskirts,10750000
1750,3,3,1,27,Suburb,13840000
790,1,1,0,21,Tech Park,10690000
940,1,2,0,5,Suburb,10640000
1150,2,3,0,29,Green Valley,13040000
1310,1,1,0,0,Uptown,26320000
1070,1,1,0,19,Uptown,18400000
600,1,1,0,0,Green Valley,9960000
1140,3,3,0,24,Suburb,12160000
1910,3,2,1,14,Green Valley,23930000
920,1,1,0,30,Outskirts,6280000
1430,1,2,0,20,Outskirts,10210000
1300,1,2,0,28,Riverside,20390000
1560,3,4,1,12,Riverside,29050000
1290,1,1,0,2,Tech Park,21090000
1670,2,2,1,4,Riverside,29850000
1370,3,3,0,9,Green Valley,19720000
910,2,1,0,33,Suburb,9990000
550,1,1,0,18,Tech Park,7840000
1270,3,3,0,29,Outskirts,10350000
710,1,2,0,34,Uptown,11530000
1120,2,2,0,4,Tech Park,21230000
570,1,1,1,0,Outskirts,5870000
1740,3,2,1,23,Suburb,18870000
2150,3,3,1,23,Uptown,35690000
1370,2,3,0,15,Green Valley,15500000
550,1,2,0,26,Suburb,5670000
980,3,2,0,4,Green Valley,14560000
660,1,2,1,37,Uptown,9320000
810,2,2,0,19,Riverside,13780000
1460,1,2,1,16,Uptown,22960000
1570,3,3,1,22,Green Valley,21880000
1190,2,1,0,2,Riverside,23720000
1280,2,1,0,12,Riverside,22100000
2060,3,3,1,26,Green Valley,25920000
1090,2,2,0,22,Riverside,15850000
1060,1,2,0,23,Uptown,15590000
1660,2,2,1,26,Riverside,26410000
740,2,2,0,1,Green Valley,11340000
1630,2,2,1,15,Outskirts,12800000
930,1,1,0,32,Riverside,11990000
1200,2,1,0,11,Suburb,13190000
730,1,2,0,27,Uptown,12380000
1440,3,3,0,1,Outskirts,13250000
1380,2,2,0,6,Tech Park,24480000
1480,3,2,1,13,Outskirts,13560000
660,1,2,0,0,Riverside,12610000
1350,3,2,0,22,City Center,28620000
820,2,2,0,22,Outskirts,6830000
1060,3,3,0,18,Green Valley,14820000
1030,2,2,1,22,Uptown,18870000
1200,2,2,0,35,Riverside,15160000
1380,2,3,0,4,Tech Park,25300000
1060,2,1,0,24,Uptown,15960000
920,1,1,0,31,Uptown,12690000
570,2,2,0,4,Uptown,12640000
1570,2,1,1,15,Green Valley,18710000
1200,2,2,0,21,Suburb,12160000
1330,2,2,0,22,Outskirts,10360000
1080,1,1,0,28,Green Valley,14300000
1120,1,2,0,33,Green Valley,11010000
1460,4,3,0,16,Tech Park,23940000
630,1,1,0,19,Suburb,6160000
1460,1,2,1,5,Green Valley,19760000
1560,3,3,1,7,Outskirts,13130000
1200,3,3,0,23,Outskirts,9510000
1170,2,3,0,17,Outskirts,10270000
870,1,2,1,3,City Center,18690000
1330,2,2,0,0,Tech Park,21280000
930,1,2,0,9,Riverside,17520000
1480,1,2,2,8,Outskirts,13920000
550,1,1,0,19,Tech Park,8870000
840,1,1,0,18,Tech Park,11610000
850,2,2,0,7,Tech Park,15370000
1260,2,2,0,24,City Center,24800000
1250,1,2,0,14,Green Valley,19550000
1530,4,3,1,2,Green Valley,24580000
1620,2,2,1,39,Outskirts,9250000
1310,1,1,0,12,Outskirts,9650000
1150,2,2,0,10,City Center,28570000
1150,2,2,0,0,City Center,30870000
890,1,2,0,14,Suburb,9920000
1250,2,2,1,32,Green Valley,16300000
1010,2,2,0,30,Outskirts,8150000
1290,1,1,0,6,Tech Park,24220000
1300,1,2,0,25,Uptown,22040000
1550,1,1,1,30,Suburb,13450000
550,1,2,0,6,Uptown,10930000
850,1,2,0,16,City Center,18830000
1610,4,4,1,19,Suburb,19810000
1590,3,3,1,28,Outskirts,12370000
1610,3,3,2,11,City Center,38840000
1630,2,2,1,21,Green Valley,22080000
1030,1,2,0,29,Tech Park,14150000
2140,4,4,1,30,City Center,38410000
1490,3,3,1,5,Riverside,25120000
1770,3,3,1,23,Riverside,25840000
1120,1,1,1,12,Riverside,19080000
1360,2,1,1,22,Riverside,18060000
1170,1,2,0,5,Tech Park,17860000
1870,4,3,1,17,City Center,39360000
560,2,2,0,16,Uptown,9050000
1370,2,2,0,1,Tech Park,22350000
1420,2,2,0,21,City Center,37280000
1580,2,1,2,4,Outskirts,13340000
1510,2,1,1,13,Tech Park,24590000
1310,2,2,0,0,Uptown,27200000
1730,3,3,0,0,City Center,45680000
800,2,2,0,0,Green Valley,11440000
1060,2,2,0,19,Riverside,16350000
840,2,2,1,26,Uptown,13040000
2080,4,3,1,14,Outskirts,15660000
810,1,1,0,10,City Center,22360000
1290,2,2,1,35,Tech Park,18020000
1200,2,2,0,36,Riverside,17150000
1130,2,2,0,1,Riverside,22180000
1530,4,3,1,9,Riverside,26850000
1050,3,3,0,23,Green Valley,14720000
1180,2,2,0,23,Green Valley,16300000
1630,3,2,1,7,Uptown,30730000
1370,2,2,0,4,Tech Park,23000000
1340,3,3,0,24,Tech Park,18890000
1000,2,2,0,33,Outskirts,7430000
1640,3,3,1,12,Uptown,30620000
1480,3,3,1,15,Uptown,25180000
1430,3,2,1,15,City Center,32470000
550,1,1,0,23,Tech Park,8070000
1140,3,3,0,20,Outskirts,10350000
1080,1,2,0,13,Riverside,18990000
670,1,2,0,20,Outskirts,6650000
990,1,2,0,23,Uptown,15710000
1660,3,3,1,33,Uptown,27220000
1200,1,2,0,8,Riverside,21480000
1390,2,1,0,22,Suburb,13910000
790,1,1,0,13,Uptown,14670000
550,2,2,0,10,Tech Park,9480000
1360,3,2,0,25,Outskirts,9020000
880,2,2,0,16,Riverside,14560000
1140,1,1,0,30,Tech Park,15040000
1010,2,2,0,28,Uptown,16370000
1240,3,2,1,17,Riverside,19880000
2290,2,2,1,0,Riverside,36390000
1800,3,3,1,15,Riverside,34230000
1440,3,3,0,11,Riverside,25180000
1600,2,2,1,20,City Center,34850000
1500,3,2,2,21,Green Valley,19390000
2220,3,3,1,24,Tech Park,31730000
1230,2,2,0,18,Riverside,18440000
1440,3,3,0,17,Uptown,23380000
1470,1,1,0,30,Outskirts,7400000
1000,2,2,0,5,Riverside,17080000
1500,2,2,0,26,Tech Park,21760000
970,2,2,1,38,Outskirts,7400000
1650,2,1,1,13,Tech Park,26940000
1620,4,3,1,24,Tech Park,21580000
700,1,1,0,35,Tech Park,8140000
1500,2,2,0,14,Outskirts,12160000
1140,2,3,0,34,Suburb,10130000
1090,2,3,0,20,Tech Park,16890000
990,2,3,0,0,Outskirts,9950000
1110,1,2,0,34,Outskirts,7580000
570,1,1,0,16,Riverside,8880000
970,2,2,1,28,Tech Park,14630000
1360,4,4,0,14,Riverside,20490000
1440,2,1,0,21,Uptown,23920000
800,3,2,0,25,Green Valley,10520000
1330,4,4,0,34,City Center,28830000
860,2,2,0,12,Tech Park,13360000
1490,3,2,1,14,Riverside,21320000
770,1,2,0,12,Tech Park,12990000
890,2,2,0,31,Suburb,9610000
1300,2,2,0,2,Suburb,14720000
950,1,1,0,0,Uptown,17600000
1660,4,4,1,15,Suburb,20190000
1170,3,3,0,15,Green Valley,14940000
700,1,1,0,21,City Center,14670000
590,3,3,0,12,City Center,15210000
1290,2,2,0,9,Riverside,22250000
1030,2,2,0,39,Tech Park,12600000
550,2,2,0,7,Uptown,10270000
660,1,2,0,15,Outskirts,4860000
1800,3,2,1,15,Suburb,19120000
1140,1,2,0,0,Riverside,20880000
1510,3,3,1,8,Tech Park,27710000
1740,2,1,1,4,Tech Park,28210000
930,2,3,0,22,Suburb,10270000
1250,2,2,0,10,Riverside,20570000
1550,3,4,1,5,Green Valley,24210000
1140,1,1,0,36,Riverside,13390000
1320,3,3,0,0,Riverside,25680000
940,2,2,0,22,Suburb,10080000
1430,1,2,0,39,Green Valley,15350000
1480,3,3,1,27,Outskirts,11110000
1220,1,1,0,24,Suburb,11890000
1430,2,2,0,20,Uptown,24650000
1010,2,2,0,14,City Center,24970000
1500,3,3,1,20,City Center,36080000
1570,3,3,0,23,City Center,35490000
2080,3,3,1,3,Uptown,37940000
1050,1,2,0,25,Uptown,16500000
1710,3,2,1,19,Tech Park,24510000
1500,2,2,1,13,Riverside,24320000
1650,2,2,1,24,Green Valley,22600000
550,2,2,0,18,Green Valley,8040000
1100,2,3,0,22,Outskirts,8200000
1410,3,3,0,13,Tech Park,18190000
1250,1,2,0,26,Green Valley,16040000
1060,2,2,0,12,Riverside,18610000
1690,3,2,1,21,Tech Park,26350000
1620,3,3,1,44,Outskirts,9420000
1810,4,3,1,36,Green Valley,21990000
1600,3,3,1,33,Uptown,26430000
2110,4,2,0,0,City Center,53880000
1550,2,3,1,33,Green Valley,17740000
1590,1,1,2,42,Suburb,11920000
2050,2,3,2,31,Riverside,33260000
1250,1,1,0,19,Tech Park,16640000
780,2,2,0,6,Suburb,9610000
1820,2,3,1,19,Uptown,31160000
1830,3,4,1,21,Suburb,20030000
780,2,2,0,26,Tech Park,10520000
840,2,2,1,10,Green Valley,13490000
750,2,2,0,19,Riverside,10110000
1160,3,3,0,17,Riverside,20440000
1330,1,1,0,18,Tech Park,18570000
1310,1,1,0,23,Suburb,13660000
1080,1,1,0,15,Tech Park,17760000
550,1,2,0,9,Outskirts,5220000
1420,2,3,0,16,Riverside,21040000
1530,3,2,1,7,Tech Park,24670000
1970,3,2,1,13,City Center,44800000
950,2,3,0,36,Outskirts,7170000
970,1,2,0,11,Tech Park,16920000
1250,2,3,0,27,Uptown,17970000
1190,3,3,0,0,Outskirts,11210000
740,1,1,0,31,Green Valley,9530000
1680,3,3,0,19,Uptown,23250000
750,1,2,0,38,Green Valley,8710000
650,1,1,1,27,City Center,12370000
930,2,2,0,11,Uptown,16480000
1660,2,3,1,13,Tech Park,24080000
1210,2,2,1,0,Green Valley,17460000
1380,4,3,0,15,Uptown,26110000
1090,1,2,0,10,Outskirts,9020000
1730,3,2,1,32,Riverside,25300000
550,1,2,0,8,Tech Park,9300000
810,1,1,0,37,Uptown,11660000
1400,3,3,0,23,Green Valley,17180000
920,2,1,0,14,Outskirts,7310000
1160,2,1,0,24,City Center,26210000
1860,2,2,1,7,Suburb,22530000
1460,2,2,2,33,Uptown,25320000
1140,1,2,0,10,City Center,26000000
1690,3,2,0,24,City Center,38570000
1550,3,3,2,0,Uptown,32410000
1420,2,2,0,0,Green Valley,21950000
1710,2,2,1,24,Tech Park,27180000
880,1,1,0,11,City Center,19060000
1030,3,2,1,26,Uptown,17520000
1260,2,2,0,10,Tech Park,19510000
1310,3,3,1,3,City Center,34090000
1160,1,2,0,22,Green Valley,14110000
1380,1,1,0,22,Riverside,18930000
630,2,2,0,37,Outskirts,4530000
1430,2,2,0,43,Suburb,11630000
1210,3,3,0,14,City Center,36100000
1640,1,1,1,20,Outskirts,12400000
870,1,2,1,27,City Center,16410000
870,1,1,0,12,Green Valley,13030000
690,1,2,0,36,Outskirts,4960000
1350,3,3,0,10,City Center,32410000
1450,3,2,0,9,Uptown,27360000
1610,4,3,1,18,Green Valley,24700000
1710,3,2,1,33,Green Valley,23560000
1080,2,2,0,6,City Center,30220000
1300,2,2,0,32,Riverside,14540000
950,1,1,0,0,Suburb,10470000
940,1,1,0,15,Riverside,15490000
1260,2,3,0,20,Uptown,19960000
700,1,2,0,29,Riverside,9640000
1460,2,2,1,20,Tech Park,19090000
1680,2,2,1,10,Suburb,18660000
1180,1,1,0,10,Green Valley,14450000
1210,3,3,1,0,Uptown,23380000
1940,3,3,1,33,Tech Park,28460000
870,1,2,1,21,Riverside,14880000
1940,4,3,1,0,Suburb,23220000
550,2,1,0,21,Outskirts,4260000
640,1,1,0,13,Tech Park,10250000
1220,3,3,0,15,Outskirts,10940000
1850,3,3,1,3,City Center,44530000
1690,2,2,1,12,Uptown,30910000
550,1,1,0,8,Green Valley,8460000
570,1,1,1,7,Riverside,10340000
1130,1,2,0,17,Green Valley,15250000
820,2,3,0,16,Suburb,10310000
1580,3,4,1,12,Green Valley,24270000
1730,3,3,1,31,Uptown,27630000
1270,3,3,0,26,Tech Park,20450000
1140,3,3,0,39,Outskirts,9270000
1050,1,1,0,6,Suburb,12300000
920,1,2,0,24,Uptown,14870000
1220,4,4,0,22,Suburb,14070000
1050,2,2,0,15,Outskirts,9120000
1820,3,3,0,33,Riverside,23920000
1720,3,3,1,31,Green Valley,22280000
1600,3,3,1,21,Green Valley,23490000
760,2,2,0,9,Green Valley,11120000
1850,4,4,1,0,Suburb,24970000
750,2,1,0,23,Riverside,12440000
950,1,1,0,16,Suburb,9360000
1770,2,2,1,19,Uptown,30130000
1240,3,2,0,17,Tech Park,19500000
850,2,3,0,15,Riverside,14400000
1120,2,2,0,35,Riverside,17590000
1050,2,2,0,15,Suburb,10890000
1350,2,2,0,32,Outskirts,8710000
1590,4,3,1,27,Uptown,25590000
1690,4,3,1,19,Green Valley,28560000
1280,2,1,0,0,Green Valley,19890000
860,2,2,0,0,Tech Park,14110000
1250,4,3,0,0,City Center,32990000
1160,2,2,0,10,Uptown,19240000
910,1,1,0,45,Outskirts,5540000
730,2,2,0,24,Riverside,10360000
1110,3,3,0,0,Riverside,21380000
1340,3,3,0,20,Uptown,19760000
890,1,1,1,9,Green Valley,13770000
1280,1,2,0,9,Green Valley,15860000
610,1,1,0,30,Green Valley,7890000
920,2,2,1,0,City Center,26030000
1060,2,2,0,17,Tech Park,18160000
2300,5,4,1,13,Green Valley,31160000
850,1,2,0,11,Riverside,13760000
1890,4,4,0,23,Tech Park,23670000
1890,3,2,0,10,Uptown,33420000
1500,3,3,1,13,Uptown,24270000
1810,2,3,1,20,Suburb,16350000
1500,2,2,2,21,Outskirts,11080000
1330,3,3,0,20,City Center,23630000
1240,2,2,0,10,Riverside,18410000
1320,2,2,0,14,Green Valley,19430000
890,3,2,0,0,Outskirts,8510000
1590,4,3,2,30,Riverside,27580000
1030,3,2,0,22,Riverside,14520000
990,1,1,0,12,Outskirts,8500000
760,1,1,0,14,Uptown,13590000
1390,2,2,1,11,Outskirts,12910000
1010,1,1,0,38,Outskirts,7100000
1160,4,4,0,12,Outskirts,11310000
1280,2,3,0,18,Riverside,17080000
550,1,1,0,26,City Center,10770000
1670,3,3,1,20,Outskirts,13550000
1100,3,3,0,37,Tech Park,14960000
1110,2,2,0,22,Riverside,16450000
640,1,1,1,23,Green Valley,9240000
770,2,2,0,29,Uptown,10300000
1370,1,2,0,13,Outskirts,10230000
760,1,1,0,0,City Center,19520000
1150,3,3,1,8,Uptown,22420000
1840,4,3,1,17,Uptown,31900000
850,2,3,0,39,Suburb,8670000
1120,2,2,0,8,City Center,27700000
1340,2,2,0,31,City Center,27890000
940,2,2,0,18,Tech Park,13660000
1680,4,3,1,10,Uptown,34390000
1610,3,2,1,37,Outskirts,11260000
1020,1,1,0,15,Green Valley,11660000
990,2,2,0,7,Suburb,12610000
1650,4,2,2,9,Tech Park,26090000
1470,2,2,1,7,Outskirts,13120000
1210,1,2,0,39,Green Valley,11940000
1380,2,2,0,22,Uptown,24650000
690,1,2,0,26,Green Valley,8170000
830,2,2,0,35,Riverside,12880000
1920,4,3,1,11,Tech Park,31520000
1810,4,2,1,35,Suburb,17160000
980,3,3,0,1,Riverside,17740000
1190,3,3,0,23,Outskirts,10150000
1300,3,3,1,14,Outskirts,11890000
640,1,1,0,12,Outskirts,4500000
1430,2,2,0,6,Uptown,24000000
1670,3,3,1,6,Outskirts,15500000
570,2,1,0,24,Outskirts,3780000
1060,2,2,0,13,Uptown,19500000
750,1,1,0,17,Suburb,9110000
1200,2,2,0,14,City Center,31320000
1780,4,4,1,0,Suburb,24050000
1940,4,4,1,22,Tech Park,30270000
1330,2,2,0,39,Riverside,15920000
820,1,2,0,28,Outskirts,5850000
1390,3,2,1,19,Green Valley,17300000
900,2,3,0,32,Uptown,15710000
960,1,2,1,6,Suburb,11220000
740,1,1,0,29,City Center,14260000
1840,4,4,1,21,Tech Park,26630000
2060,3,2,2,0,Suburb,25090000
700,1,2,0,16,Riverside,10020000
1420,1,1,0,23,Green Valley,17030000
1220,2,2,0,24,Outskirts,8670000
900,2,2,0,15,Suburb,9310000
950,2,3,0,10,Green Valley,15370000
1230,2,2,0,11,Green Valley,16860000
1510,2,2,1,23,Outskirts,10790000
1070,2,2,0,20,Outskirts,9060000
1050,1,2,0,19,Outskirts,8220000
1080,2,2,0,17,City Center,21860000
1170,3,1,0,2,Green Valley,18280000
650,1,1,0,2,Tech Park,10810000
1280,2,1,0,24,Suburb,13410000
780,1,1,0,22,Suburb,7680000
1020,3,2,0,0,Tech Park,18370000
1010,3,3,0,0,City Center,21110000
550,1,2,0,12,Green Valley,7540000
1150,1,1,0,12,Tech Park,17200000
1180,1,1,0,5,Tech Park,18990000
550,2,1,0,31,Suburb,5370000
910,1,1,0,27,Green Valley,11920000
1840,4,3,1,11,Riverside,34070000
1000,2,2,0,28,Suburb,9500000
550,1,1,0,21,Suburb,4350000
1530,3,3,1,16,Suburb,16260000
1350,3,3,0,29,Outskirts,9600000
1000,2,2,0,24,Green Valley,11450000
1630,3,3,1,21,City Center,34250000
870,2,2,0,10,City Center,23000000
1240,3,2,0,12,Riverside,21520000
1560,1,2,1,21,Suburb,15060000
1130,2,2,0,24,Suburb,10560000
1780,3,4,1,29,Suburb,16340000
990,2,2,0,17,Suburb,11260000
1210,2,2,0,23,Outskirts,9050000
1230,2,2,0,15,City Center,24550000
1450,4,4,0,8,Green Valley,22810000
2110,4,3,1,26,Outskirts,14310000
1010,2,2,0,25,Green Valley,13000000
900,2,2,0,21,City Center,18290000
910,1,1,0,7,Uptown,15430000
810,2,1,0,4,Uptown,16060000
1710,2,2,1,23,Green Valley,23180000
2320,4,3,1,39,Outskirts,15630000
1040,2,1,0,8,Outskirts,10030000
1240,1,1,0,5,Riverside,20250000
940,1,1,0,25,Tech Park,11980000
1020,1,1,0,27,Suburb,10090000
1050,1,2,0,14,Tech Park,15520000
1340,2,2,0,34,Riverside,17130000
860,2,2,1,18,Tech Park,13460000
1230,2,2,0,35,Riverside,15490000
1860,3,2,1,45,Uptown,21570000
1180,1,1,0,16,Green Valley,15550000
630,2,1,1,18,Green Valley,8990000
550,1,1,0,27,Suburb,4970000
1050,2,2,0,30,Outskirts,6880000
1140,2,2,0,27,Tech Park,17450000
550,1,2,0,45,Uptown,6930000
780,1,2,0,9,Outskirts,7030000
1610,2,3,2,23,Uptown,26050000
1920,3,2,1,5,Uptown,33380000
1120,1,1,0,22,Outskirts,7940000
590,1,1,0,26,Tech Park,9230000
990,2,3,0,12,Uptown,18760000
1020,1,2,0,19,Tech Park,14160000
1390,2,2,0,25,Tech Park,18290000
1230,2,3,0,15,Riverside,21530000
1580,3,2,1,27,City Center,30550000
1700,2,2,1,14,Suburb,18970000
1740,4,3,1,22,Suburb,17030000
1380,3,2,0,17,City Center,31820000
1410,3,3,0,27,Riverside,22610000
1360,4,3,0,19,Riverside,22760000
800,2,2,0,19,Tech Park,11990000
1500,2,2,1,6,Riverside,26190000
550,1,1,0,16,Riverside,9150000
1150,1,1,0,23,Tech Park,14370000
1540,2,2,1,16,Outskirts,13180000
1320,3,3,0,19,Green Valley,19100000
1630,3,3,0,34,Tech Park,22140000
1680,4,4,1,13,Uptown,25130000
1070,1,1,0,8,Uptown,20920000
1130,3,2,0,11,Tech Park,17490000
1230,3,3,0,24,Uptown,22630000
1230,1,1,0,22,Green Valley,14070000
720,2,2,0,10,Tech Park,10990000
1560,3,3,1,4,City Center,38890000
850,1,2,0,8,Uptown,17310000
710,1,1,0,17,City Center,12970000
1180,2,2,0,10,Uptown,23920000
1330,2,2,0,11,Uptown,24860000
1080,2,3,0,23,Tech Park,14130000
1440,3,3,0,17,City Center,32110000
1030,1,1,0,4,Green Valley,14060000
1080,1,1,0,11,Suburb,11220000
590,2,1,1,3,City Center,15540000
1610,2,2,1,34,Uptown,25050000
690,2,2,0,34,Uptown,10570000
790,2,2,1,38,Suburb,8530000
550,1,1,0,0,City Center,13240000
550,1,1,1,13,City Center,15400000
860,2,3,0,19,Green Valley,11560000
1080,2,2,0,8,Suburb,11360000
720,1,2,0,1,City Center,18540000
1450,1,2,0,31,Outskirts,9660000
970,2,2,1,1,Uptown,20780000
1110,2,2,0,30,Uptown,17860000
1650,3,2,1,45,Suburb,11950000
1560,2,1,1,17,Outskirts,13140000
700,1,1,1,15,Uptown,14780000
2330,4,4,2,14,Suburb,26240000
770,2,1,0,20,Outskirts,5790000
970,1,2,0,9,Green Valley,14650000
880,2,2,0,38,Riverside,11860000
1540,3,3,1,23,Outskirts,12370000
2080,2,2,1,18,Suburb,22350000
1700,4,3,1,20,Outskirts,13440000
710,1,1,0,16,Suburb,7870000
550,1,2,0,23,Suburb,6310000
790,2,3,1,45,Green Valley,8870000
1130,2,2,0,12,Uptown,19180000
940,1,2,0,23,Outskirts,7250000
1250,3,3,0,0,Uptown,27320000
830,2,2,0,11,Uptown,16400000
1060,2,2,0,4,Outskirts,8810000
640,2,3,0,2,Suburb,8570000
1300,2,1,0,36,Riverside,18390000
1060,2,2,0,0,Riverside,17600000
800,2,1,0,9,Tech Park,12020000
790,1,1,0,4,Outskirts,7470000
1250,3,2,0,22,Riverside,18550000
1430,2,2,0,31,Outskirts,9560000
1560,2,2,1,17,Riverside,27580000
900,1,1,1,14,Suburb,10070000
880,1,1,0,27,Riverside,11830000
1340,2,2,0,16,Suburb,10800000
1740,3,2,1,7,Outskirts,12820000
1080,2,3,0,21,Outskirts,9020000
1050,2,2,0,4,City Center,28860000
1670,3,3,1,8,Suburb,20420000
1190,3,3,0,22,Green Valley,17210000
1100,2,2,0,11,City Center,27580000
610,1,1,0,15,Green Valley,7890000
1330,3,3,1,7,City Center,37810000
1030,1,2,0,28,Tech Park,15900000
1480,2,2,1,18,Riverside,26040000
740,1,2,0,21,Tech Park,10330000
860,3,3,0,29,Outskirts,6550000
1720,2,2,1,18,Outskirts,13880000
730,1,3,0,19,Outskirts,6710000
1070,1,2,0,13,City Center,23140000
1040,3,3,0,24,Outskirts,7860000
1240,2,2,0,0,Riverside,22100000
1550,1,1,1,22,Outskirts,10350000
1210,2,2,0,20,Suburb,13270000
1220,1,1,0,19,Green Valley,17150000
1530,3,3,1,29,Riverside,23290000
690,2,2,0,29,Uptown,11030000
1210,3,3,0,13,Green Valley,17940000
1320,2,2,0,5,Green Valley,18790000
720,1,2,0,9,City Center,18090000
1330,1,1,0,21,Riverside,18940000
1010,3,3,0,19,Uptown,17970000
920,2,2,0,16,Tech Park,13600000
1070,3,2,0,6,Green Valley,15770000
1210,1,1,0,9,Suburb,13350000
1430,3,2,0,0,Tech Park,25050000
1890,4,3,2,24,Green Valley,21750000
1790,4,3,0,34,Riverside,25340000
1290,3,3,0,9,Uptown,27620000
1430,3,3,0,31,Riverside,18400000
1710,4,3,1,23,Tech Park,26700000
1480,3,3,1,11,Suburb,16400000
1600,4,3,1,28,Riverside,22790000
1630,3,4,2,26,Green Valley,23480000
1020,1,2,0,0,Green Valley,15480000
1290,2,3,0,34,Uptown,19890000
990,1,1,0,24,Outskirts,6980000
1570,3,2,1,16,City Center,37470000
930,1,1,0,45,Suburb,5580000
1120,2,2,0,20,Uptown,17620000
1200,3,3,0,10,City Center,22110000
1400,3,3,1,39,Outskirts,10350000
1350,2,1,0,16,Uptown,20550000
1700,4,4,1,15,City Center,34760000
720,1,1,0,0,Green Valley,10570000
1130,2,2,1,5,Uptown,22180000
1560,3,4,1,14,Outskirts,13170000
980,2,2,0,0,City Center,24310000
1640,4,3,0,7,Uptown,35660000
1080,2,2,0,5,Uptown,19090000
1000,1,1,0,32,Uptown,14600000
1760,3,3,1,9,City Center,42080000
1700,2,3,1,24,Green Valley,21320000
1850,3,3,1,9,Riverside,36010000
1220,2,2,0,29,Uptown,19220000
1630,3,2,1,23,Tech Park,23440000
1180,3,2,0,5,Outskirts,10260000
1160,3,2,0,22,Outskirts,8410000
1130,3,2,1,2,Suburb,13920000
1500,2,2,1,0,Green Valley,24220000
960,2,2,0,0,Tech Park,16470000
1180,2,2,1,13,Green Valley,16130000
1370,2,2,0,13,Riverside,20370000
940,2,3,0,24,Green Valley,12140000
1170,2,2,0,15,Riverside,15740000
1580,1,1,0,14,City Center,34530000
1650,3,2,1,29,Outskirts,11620000
1840,3,2,1,1,City Center,52440000
1540,3,3,1,28,Tech Park,22770000
790,2,3,0,11,Suburb,9470000
980,3,3,0,20,Tech Park,12950000
1030,1,1,0,0,Uptown,19740000
1080,3,3,0,32,Riverside,13990000
1120,2,1,0,11,City Center,23940000
1040,1,2,1,7,Outskirts,9470000
670,1,1,0,13,Uptown,11680000
1120,3,2,0,8,Suburb,13250000
1110,3,2,0,5,Riverside,22320000
820,2,3,0,21,Suburb,8680000
1710,2,2,1,10,Green Valley,25930000
1370,3,3,0,0,Tech Park,20980000
700,1,1,0,29,Outskirts,3920000
550,1,2,0,18,City Center,13630000
600,1,1,0,0,Suburb,8320000
1090,3,3,0,15,Uptown,18930000
1060,1,1,0,2,City Center,25630000
1440,2,1,0,18,Tech Park,20000000
1410,2,2,0,10,Green Valley,20440000
1370,5,3,1,16,Riverside,25460000
1050,2,2,0,27,Outskirts,7630000
1120,2,2,0,9,City Center,26470000
1070,1,1,0,15,Suburb,10960000
840,1,1,1,17,Tech Park,14290000
1180,2,2,0,22,Outskirts,9050000
700,1,2,0,21,Tech Park,10140000
1470,2,2,1,31,Uptown,25110000
1430,1,1,0,4,Tech Park,19470000
1150,2,2,0,11,City Center,29210000
1280,1,2,0,11,Suburb,14430000
1050,2,2,0,0,Tech Park,16920000
1830,3,3,1,10,Suburb,22060000
1440,2,2,0,5,Tech Park,25410000
1150,1,1,0,13,Riverside,18870000
790,1,1,0,24,Riverside,12840000
1270,2,2,0,15,Uptown,21660000
1090,2,2,0,2,Uptown,22980000
2360,4,3,1,41,City Center,48460000
1400,2,2,0,22,Outskirts,11410000
1050,2,2,0,4,Green Valley,16960000
1690,3,3,1,19,Outskirts,13330000
1570,3,2,2,27,Uptown,23840000
1260,2,2,0,15,Green Valley,18370000
970,1,1,0,13,Outskirts,6540000
1140,2,3,0,17,Outskirts,10010000
870,2,2,1,26,Suburb,9420000
1960,3,2,1,7,Riverside,36450000
1280,2,2,0,34,Uptown,21260000
970,2,2,0,5,Outskirts,8610000
1520,1,2,1,0,Riverside,26010000
1600,4,3,1,25,Green Valley,22530000
1420,3,3,0,37,Outskirts,11060000
1240,2,1,0,22,Outskirts,8030000
1900,3,3,1,0,City Center,53940000
1490,3,3,1,28,Outskirts,11690000
840,2,3,1,18,Green Valley,13420000
1440,1,2,0,23,Suburb,15140000
1250,2,2,1,6,Outskirts,10510000
860,1,1,0,40,Riverside,9580000
790,3,3,0,29,Tech Park,11060000
1140,3,3,0,6,Riverside,19890000
1370,2,2,0,24,Uptown,20710000
860,1,1,0,0,Uptown,16590000
1430,3,3,0,12,Uptown,26490000
1760,2,3,1,33,Riverside,22290000
1400,1,1,0,35,Green Valley,14450000
1220,3,3,0,18,Suburb,13180000
1000,2,2,0,9,Riverside,19700000
860,1,1,0,16,Green Valley,12010000
880,2,2,0,30,Riverside,12610000
1490,3,3,1,4,Uptown,30390000
1500,4,3,1,32,Outskirts,11420000
1600,1,1,1,15,Green Valley,20440000
1260,2,2,0,17,Outskirts,10420000
1170,3,2,0,9,Tech Park,21000000
820,3,3,0,27,Tech Park,11270000
2120,3,3,1,27,City Center,43500000
1300,2,2,0,16,Green Valley,17480000
610,1,2,0,34,Tech Park,8850000
1030,1,2,0,0,Tech Park,16250000
820,2,3,0,6,City Center,19380000
1450,1,2,0,21,Uptown,23580000
1070,1,1,0,32,Outskirts,6680000
1260,1,1,0,13,Riverside,20950000
1700,3,3,1,21,Outskirts,12630000
1550,2,2,1,23,Green Valley,19400000
700,2,2,0,23,Tech Park,8680000
1470,2,2,1,6,Tech Park,24390000
1340,2,1,0,29,Uptown,17670000
770,2,1,0,20,Green Valley,11950000
1970,3,4,1,0,Tech Park,37530000
1370,3,3,0,18,Uptown,23540000
550,1,1,0,16,Outskirts,4010000
1300,3,3,0,11,City Center,30850000
550,1,1,1,13,Tech Park,9440000
1210,2,2,0,25,Green Valley,13170000
2080,5,4,1,31,Green Valley,22870000
1000,1,1,0,9,Tech Park,15560000
990,2,2,0,33,Suburb,8760000
1080,3,3,0,10,City Center,22560000
1120,2,2,1,11,Suburb,12930000
1170,2,2,0,15,Uptown,20090000
1460,1,1,1,10,Suburb,16790000
1240,3,3,0,26,City Center,24390000
1300,2,3,0,0,Tech Park,23780000
820,2,2,0,12,Tech Park,13630000
1310,2,3,0,17,Suburb,14240000
1740,2,2,0,2,Tech Park,27860000
1380,2,2,0,10,City Center,29430000
1440,2,2,0,11,Uptown,25130000
1420,3,2,0,24,City Center,32140000
1270,2,2,0,31,Suburb,12610000
850,2,3,0,17,Uptown,14080000
1410,1,1,0,9,Outskirts,9440000
1600,4,3,2,5,Riverside,28770000
1020,2,3,0,21,Green Valley,13220000
1440,3,3,0,13,Suburb,15890000
550,1,1,1,9,Tech Park,10430000
860,2,2,0,17,Suburb,8570000
1250,2,2,0,22,Green Valley,16730000
640,1,1,0,12,Outskirts,5520000
2100,3,3,1,27,Riverside,31830000
1160,3,2,0,19,City Center,26150000
1950,2,2,1,18,City Center,46480000
1070,2,3,1,26,City Center,21310000
920,2,3,0,22,Green Valley,12930000
1380,2,2,0,10,City Center,34560000
980,1,2,0,16,Green Valley,13880000
730,1,1,0,14,Tech Park,12050000
760,1,2,0,0,Green Valley,12010000
1200,2,2,0,0,Outskirts,10550000
1540,3,3,1,6,City Center,34650000
1320,2,2,0,11,Green Valley,17950000
1540,2,3,1,2,Green Valley,21470000
1540,3,3,2,9,City Center,40710000
1610,3,2,0,12,Suburb,16150000
1240,3,3,0,15,Green Valley,19490000
670,1,1,0,2,Tech Park,13450000
1410,4,3,0,30,Outskirts,11820000
1390,1,1,0,29,Suburb,12200000
550,1,1,0,16,Riverside,10800000
1750,4,3,1,21,Uptown,28300000
610,1,1,0,0,City Center,15280000
1630,3,2,1,21,City Center,36520000
1250,1,1,1,11,Green Valley,20520000
870,1,1,0,26,Green Valley,10510000
990,1,2,0,14,City Center,20950000
1400,2,2,0,3,Riverside,25630000
1770,2,2,1,3,Tech Park,27370000
900,1,2,0,36,Outskirts,6560000
1300,2,2,0,23,Outskirts,8680000
770,1,1,0,27,Suburb,7600000
940,2,2,0,6,Riverside,18310000
1310,3,2,0,15,Suburb,14360000
550,1,1,0,35,Riverside,6520000
1590,3,3,1,19,Tech Park,24780000
1240,2,3,0,37,Tech Park,17770000
1310,1,1,1,9,Uptown,18490000
1040,3,3,0,15,Green Valley,13750000
1250,2,1,0,12,Suburb,11760000
1920,4,4,2,21,Tech Park,26350000
720,1,1,0,10,Riverside,11510000
1530,1,1,1,10,City Center,35450000
1240,1,1,0,34,Uptown,18410000
1020,1,1,0,27,Uptown,16440000
1150,2,2,0,25,Tech Park,17990000
1600,1,2,1,8,City Center,34100000
1170,2,3,0,2,Green Valley,18410000
2030,4,4,1,0,Outskirts,18610000
1570,4,3,1,12,Tech Park,24930000
1560,2,2,1,8,Uptown,30110000
1510,3,2,1,10,City Center,31980000
1240,2,2,1,25,Uptown,24160000
1050,1,1,0,6,Suburb,11940000
2010,4,3,1,9,Suburb,21200000
1240,3,2,0,31,Riverside,16380000
550,1,1,0,4,Riverside,9200000
1180,2,2,0,20,City Center,26540000
550,1,1,0,18,Tech Park,7410000
1710,2,1,2,32,City Center,35680000
1660,3,2,1,32,Tech Park,25600000
1250,2,2,0,43,City Center,22960000
1970,4,3,1,13,Green Valley,27110000
550,1,2,1,38,Uptown,8770000
2030,4,3,0,10,Uptown,39820000
1720,2,2,1,27,Suburb,15960000
1660,4,3,1,17,Outskirts,14600000
1760,3,3,0,11,Uptown,33150000
1330,4,4,0,1,Uptown,24530000
1080,3,2,0,13,Uptown,18390000
1590,2,2,1,16,Suburb,16280000
1100,3,4,0,1,Suburb,14170000
1650,4,4,2,25,Outskirts,13820000
1110,1,2,1,22,City Center,23230000
1150,1,1,0,25,Tech Park,17200000
1000,2,2,0,5,Uptown,21610000
820,2,2,0,21,City Center,15450000
990,2,2,0,12,Green Valley,15610000
1390,2,2,0,26,Suburb,11410000
2080,3,3,1,8,Riverside,35970000
1260,2,3,0,20,Green Valley,14150000
550,1,1,0,0,Tech Park,10340000
1070,1,2,0,0,Outskirts,9090000
2450,4,4,1,20,Green Valley,34380000
1840,3,3,2,14,Green Valley,25150000
990,1,2,1,20,Green Valley,13680000
1680,2,2,1,20,Tech Park,23700000
820,2,2,0,29,Riverside,11550000
1380,4,4,0,16,Outskirts,11850000
1180,1,2,0,12,Suburb,13730000
1650,3,3,1,6,Uptown,34620000
1120,1,2,0,17,Green Valley,15340000
800,1,1,0,6,City Center,19290000
1070,1,2,0,0,Riverside,19690000
1280,2,3,0,16,Uptown,22020000
2060,4,3,1,38,City Center,42140000
1290,2,3,0,25,Outskirts,9070000
1430,1,1,1,39,Tech Park,17310000
700,1,1,0,24,Suburb,7050000
1510,4,3,1,2,Tech Park,24960000
1470,2,3,1,0,Riverside,30570000
1020,3,3,1,10,Uptown,19800000
950,1,1,0,21,Outskirts,6800000
1510,4,4,1,33,Tech Park,20730000
1250,1,1,0,0,Tech Park,19830000
1650,3,3,1,12,Green Valley,23120000
1720,2,3,1,14,Uptown,28320000
1880,3,3,1,27,Riverside,30300000
1380,2,1,0,45,Outskirts,8060000
990,1,1,0,18,Tech Park,14910000
1010,2,2,0,8,Green Valley,17280000
1510,3,3,1,0,Riverside,32360000
1380,2,2,1,6,Outskirts,11240000
1050,2,2,0,20,Outskirts,8030000
1080,2,2,0,30,Tech Park,15900000
1160,1,2,0,4,Outskirts,9530000
1620,3,2,1,16,Outskirts,13350000
1710,4,4,1,19,Uptown,31540000
660,1,1,0,12,Outskirts,5400000
700,1,1,0,11,Uptown,11670000
1510,4,3,1,1,City Center,43480000
930,2,2,0,0,Tech Park,15380000
1720,2,2,1,0,Tech Park,28440000
650,1,1,0,2,Tech Park,11140000
1570,1,1,1,31,Green Valley,16920000
1670,4,3,1,15,Riverside,31900000
990,2,1,0,31,Suburb,8270000
1260,2,1,0,12,Tech Park,20680000
1850,3,3,0,3,Green Valley,25230000
1170,3,2,0,4,Tech Park,17500000
930,1,1,0,33,Riverside,12030000
1380,3,3,0,28,Tech Park,20900000
1050,3,2,0,10,Suburb,12780000
1500,4,3,1,24,Outskirts,11480000
970,3,3,0,37,Tech Park,12040000
640,1,1,0,32,Riverside,8070000
1680,3,2,2,20,Tech Park,26030000
1530,3,3,1,6,Riverside,28810000
660,2,3,0,23,Riverside,10940000
1090,2,2,0,7,Tech Park,16450000
1090,2,2,0,22,Uptown,17620000
950,2,2,0,33,Uptown,16970000
1170,2,2,0,1,Outskirts,9920000
1150,2,2,0,16,Tech Park,19510000
